{"modelTopology":{"class_name":"Sequential","config":{"name":"sequential1","layers":[{"class_name":"Dense","config":{"units":10,"activation":"relu","use_bias":true,"kernel_initializer":{"class_name":"VarianceScaling","config":{"scale":1,"mode":"fan_avg","distribution":"normal","seed":null}},"bias_initializer":{"class_name":"Zeros","config":{}},"kernel_regularizer":null,"bias_regularizer":null,"activity_regularizer":null,"kernel_constraint":null,"bias_constraint":null,"name":"layer1","trainable":true,"batch_input_shape":[null,7],"dtype":"float32"}},{"class_name":"Dense","config":{"units":10,"activation":"relu","use_bias":true,"kernel_initializer":{"class_name":"VarianceScaling","config":{"scale":1,"mode":"fan_avg","distribution":"normal","seed":null}},"bias_initializer":{"class_name":"Zeros","config":{}},"kernel_regularizer":null,"bias_regularizer":null,"activity_regularizer":null,"kernel_constraint":null,"bias_constraint":null,"name":"layer2","trainable":true}},{"class_name":"Dense","config":{"units":3,"activation":"softmax","use_bias":true,"kernel_initializer":{"class_name":"VarianceScaling","config":{"scale":1,"mode":"fan_avg","distribution":"normal","seed":null}},"bias_initializer":{"class_name":"Zeros","config":{}},"kernel_regularizer":null,"bias_regularizer":null,"activity_regularizer":null,"kernel_constraint":null,"bias_constraint":null,"name":"outputLayer","trainable":true}}]},"keras_version":"tfjs-layers 3.20.0","backend":"tensor_flow.js"},"weightsManifest":[{"paths":["weights.bin"],"weights":[{"name":"layer1/kernel","shape":[7,10],"dtype":"float32"},{"name":"layer1/bias","shape":[10],"dtype":"float32"},{"name":"layer2/kernel","shape":[10,10],"dtype":"float32"},{"name":"layer2/bias","shape":[10],"dtype":"float32"},{"name":"outputLayer/kernel","shape":[10,3],"dtype":"float32"},{"name":"outputLayer/bias","shape":[3],"dtype":"float32"}]}],"format":"layers-model","generatedBy":"TensorFlow.js tfjs-layers v3.20.0","convertedBy":null}